{"cameraMode":{"drawMode":0,"name":"Shaded","section":"Shading Mode"},"sceneLighting":true,"audioPlay":false,"sceneViewState":{"showFog":true,"showMaterialUpdate":true,"showSkybox":true,"showFlares":true,"showImageEffects":true,"showParticleSystems":true},"in2DMode":false,"pivot":{"x":-0.6804375648498535,"y":-0.18035316467285157,"z":5.38924503326416},"rotation":{"x":0.13907760381698609,"y":-0.8491528034210205,"z":0.4285648465156555,"w":0.2755644917488098},"size":7.9664459228515629,"orthographic":false}