{"cameraMode":{"drawMode":0,"name":"Shaded","section":"Shading Mode"},"sceneLighting":true,"audioPlay":false,"sceneViewState":{"showFog":true,"showMaterialUpdate":true,"showSkybox":true,"showFlares":true,"showImageEffects":true,"showParticleSystems":true},"in2DMode":false,"pivot":{"x":3.598114013671875,"y":28.757198333740236,"z":-3.632577419281006},"rotation":{"x":-0.4660376012325287,"y":-0.0034533825237303974,"z":0.0018177677411586047,"w":-0.8847594261169434},"size":12.850761413574219,"orthographic":false}