{"cameraMode":{"drawMode":0,"name":"Shaded","section":"Shading Mode"},"sceneLighting":true,"audioPlay":false,"sceneViewState":{"showFog":true,"showMaterialUpdate":true,"showSkybox":true,"showFlares":true,"showImageEffects":true,"showParticleSystems":true},"in2DMode":false,"pivot":{"x":-23.679920196533204,"y":37.24698257446289,"z":8.995909690856934},"rotation":{"x":0.34251976013183596,"y":0.615608811378479,"z":-0.3378310799598694,"w":0.6241679787635803},"size":3.6373064517974855,"orthographic":false}