{"cameraMode":{"drawMode":0,"name":"Shaded","section":"Shading Mode"},"sceneLighting":true,"audioPlay":false,"sceneViewState":{"showFog":true,"showMaterialUpdate":true,"showSkybox":true,"showFlares":true,"showImageEffects":true,"showParticleSystems":true},"in2DMode":false,"pivot":{"x":86.41423797607422,"y":90.45071411132813,"z":13.760501861572266},"rotation":{"x":-0.19099976122379304,"y":0.7138519883155823,"z":-0.21332480013370515,"w":-0.6390975713729858},"size":6.05757999420166,"orthographic":false}