{"cameraMode":{"drawMode":0,"name":"Shaded","section":"Shading Mode"},"sceneLighting":true,"audioPlay":false,"sceneViewState":{"showFog":true,"showMaterialUpdate":true,"showSkybox":true,"showFlares":true,"showImageEffects":true,"showParticleSystems":true},"in2DMode":false,"pivot":{"x":-1.5,"y":0.5469999313354492,"z":-87.89900207519531},"rotation":{"x":0.01439575757831335,"y":-0.016497548669576646,"z":0.0002375482436036691,"w":0.9997604489326477},"size":3.637305736541748,"orthographic":false}