{"cameraMode":{"drawMode":0,"name":"Shaded","section":"Shading Mode"},"sceneLighting":true,"audioPlay":false,"sceneViewState":{"showFog":true,"showMaterialUpdate":true,"showSkybox":true,"showFlares":true,"showImageEffects":true,"showParticleSystems":true},"in2DMode":false,"pivot":{"x":0.2996988892555237,"y":-12.087760925292969,"z":-0.2065906524658203},"rotation":{"x":0.6993592977523804,"y":0.020360276103019716,"z":-0.019937140867114068,"w":0.7142021059989929},"size":6.817234039306641,"orthographic":false}