{"cameraMode":{"drawMode":0,"name":"Shaded","section":"Shading Mode"},"sceneLighting":true,"audioPlay":false,"sceneViewState":{"showFog":true,"showMaterialUpdate":false,"showSkybox":false,"showFlares":true,"showImageEffects":true,"showParticleSystems":true},"in2DMode":false,"pivot":{"x":32.906883239746097,"y":-76.21527099609375,"z":-148.1706085205078},"rotation":{"x":0.0038477107882499696,"y":0.977490246295929,"z":-0.2101939171552658,"w":0.01789121702313423},"size":97.42021942138672,"orthographic":false}