{"cameraMode":{"drawMode":0,"name":"Shaded","section":"Shading Mode"},"sceneLighting":false,"audioPlay":false,"sceneViewState":{"showFog":true,"showMaterialUpdate":true,"showSkybox":false,"showFlares":true,"showImageEffects":true,"showParticleSystems":true},"in2DMode":false,"pivot":{"x":-3.311279296875,"y":-45.076629638671878,"z":101.704345703125},"rotation":{"x":-0.18238450586795808,"y":0.8145063519477844,"z":-0.34803134202957156,"w":-0.426839143037796},"size":1959.404052734375,"orthographic":false}