{"cameraMode":{"drawMode":0,"name":"Shaded","section":"Shading Mode"},"sceneLighting":true,"audioPlay":false,"sceneViewState":{"showFog":true,"showMaterialUpdate":false,"showSkybox":true,"showFlares":true,"showImageEffects":true,"showParticleSystems":true},"in2DMode":false,"pivot":{"x":-0.09505154937505722,"y":1.7727779150009156,"z":-2.102987289428711},"rotation":{"x":0.18728047609329225,"y":0.007367216516286135,"z":-0.0014045827556401492,"w":0.9822783470153809},"size":0.049149785190820697,"orthographic":false}