{"cameraMode":{"drawMode":0,"name":"Shaded","section":"Shading Mode"},"sceneLighting":true,"audioPlay":false,"sceneViewState":{"showFog":true,"showMaterialUpdate":true,"showSkybox":true,"showFlares":true,"showImageEffects":true,"showParticleSystems":true},"in2DMode":false,"pivot":{"x":-8.847183227539063,"y":12.508649826049805,"z":1.1631717681884766},"rotation":{"x":0.00603218050673604,"y":0.8184558153152466,"z":0.008594134822487831,"w":-0.5744741559028626},"size":21.98923110961914,"orthographic":false}