{"cameraMode":{"drawMode":0,"name":"Shaded","section":"Shading Mode"},"sceneLighting":true,"audioPlay":false,"sceneViewState":{"showFog":true,"showMaterialUpdate":true,"showSkybox":true,"showFlares":true,"showImageEffects":true,"showParticleSystems":true},"in2DMode":false,"pivot":{"x":-3.038318634033203,"y":-1.6062431335449219,"z":4.097572326660156},"rotation":{"x":0.18302373588085175,"y":-0.35230663418769839,"z":0.07046176493167877,"w":0.9151062369346619},"size":3.6373064517974855,"orthographic":false}