{"cameraMode":{"drawMode":0,"name":"Shaded","section":"Shading Mode"},"sceneLighting":false,"audioPlay":false,"sceneViewState":{"showFog":true,"showMaterialUpdate":true,"showSkybox":false,"showFlares":true,"showImageEffects":true,"showParticleSystems":true},"in2DMode":false,"pivot":{"x":-18.219593048095704,"y":29.367267608642579,"z":-8.231719970703125},"rotation":{"x":-0.09819599241018295,"y":0.8568785786628723,"z":-0.1775456964969635,"w":-0.47391608357429507},"size":49.75653076171875,"orthographic":false}