{"cameraMode":{"drawMode":0,"name":"Shaded","section":"Shading Mode"},"sceneLighting":false,"audioPlay":false,"sceneViewState":{"showFog":false,"showMaterialUpdate":false,"showSkybox":false,"showFlares":false,"showImageEffects":false,"showParticleSystems":false},"in2DMode":false,"pivot":{"x":-25.813941955566408,"y":13.024317741394043,"z":3.237042188644409},"rotation":{"x":0.13711142539978028,"y":0.7638623714447022,"z":-0.17266711592674256,"w":0.6065570116043091},"size":0.000017320508050033823,"orthographic":false}