{"cameraMode":{"drawMode":0,"name":"Shaded","section":"Shading Mode"},"sceneLighting":false,"audioPlay":false,"sceneViewState":{"showFog":false,"showMaterialUpdate":false,"showSkybox":false,"showFlares":false,"showImageEffects":false,"showParticleSystems":false},"in2DMode":false,"pivot":{"x":0.002900362014770508,"y":1.7903363704681397,"z":1.2662014961242676},"rotation":{"x":-0.02220304310321808,"y":0.9767458438873291,"z":-0.1720024198293686,"w":-0.12609481811523438},"size":2.8928449153900148,"orthographic":false}