{"cameraMode":{"drawMode":0,"name":"Shaded","section":"Shading Mode"},"sceneLighting":false,"audioPlay":false,"sceneViewState":{"showFog":false,"showMaterialUpdate":false,"showSkybox":false,"showFlares":false,"showImageEffects":false,"showParticleSystems":false},"in2DMode":false,"pivot":{"x":-0.6552637219429016,"y":2.0669984817504885,"z":3.181431770324707},"rotation":{"x":0.03889826685190201,"y":0.9528359174728394,"z":-0.26710379123687746,"w":0.13876214623451234},"size":6.000473976135254,"orthographic":false}